<annotation>
	<folder>images</folder>
	<filename>Kue Lumpur (19).jpg</filename>
	<path>E:\Semester 6\Orbit\PA\new anotasi\hasil anotasi\images\Kue Lumpur (19).jpg</path>
	<source>
		<database>Unknown</database>
	</source>
	<size>
		<width>751</width>
		<height>532</height>
		<depth>3</depth>
	</size>
	<segmented>0</segmented>
	<object>
		<name>Kue Lumpur</name>
		<pose>Unspecified</pose>
		<truncated>0</truncated>
		<difficult>0</difficult>
		<bndbox>
			<xmin>259</xmin>
			<ymin>104</ymin>
			<xmax>542</xmax>
			<ymax>283</ymax>
		</bndbox>
	</object>
	<object>
		<name>Kue Lumpur</name>
		<pose>Unspecified</pose>
		<truncated>1</truncated>
		<difficult>0</difficult>
		<bndbox>
			<xmin>150</xmin>
			<ymin>243</ymin>
			<xmax>519</xmax>
			<ymax>532</ymax>
		</bndbox>
	</object>
	<object>
		<name>Kue Lumpur</name>
		<pose>Unspecified</pose>
		<truncated>1</truncated>
		<difficult>0</difficult>
		<bndbox>
			<xmin>515</xmin>
			<ymin>171</ymin>
			<xmax>751</xmax>
			<ymax>456</ymax>
		</bndbox>
	</object>
	<object>
		<name>Kue Lumpur</name>
		<pose>Unspecified</pose>
		<truncated>0</truncated>
		<difficult>0</difficult>
		<bndbox>
			<xmin>501</xmin>
			<ymin>42</ymin>
			<xmax>749</xmax>
			<ymax>204</ymax>
		</bndbox>
	</object>
	<object>
		<name>Kue Lumpur</name>
		<pose>Unspecified</pose>
		<truncated>1</truncated>
		<difficult>0</difficult>
		<bndbox>
			<xmin>330</xmin>
			<ymin>1</ymin>
			<xmax>541</xmax>
			<ymax>120</ymax>
		</bndbox>
	</object>
	<object>
		<name>Kue Lumpur</name>
		<pose>Unspecified</pose>
		<truncated>0</truncated>
		<difficult>0</difficult>
		<bndbox>
			<xmin>106</xmin>
			<ymin>52</ymin>
			<xmax>345</xmax>
			<ymax>229</ymax>
		</bndbox>
	</object>
	<object>
		<name>Kue Lumpur</name>
		<pose>Unspecified</pose>
		<truncated>0</truncated>
		<difficult>0</difficult>
		<bndbox>
			<xmin>13</xmin>
			<ymin>187</ymin>
			<xmax>253</xmax>
			<ymax>404</ymax>
		</bndbox>
	</object>
</annotation>
