<annotation>
	<folder>images</folder>
	<filename>Kue Lumpur (5).jpg</filename>
	<path>E:\Semester 6\Orbit\PA\new anotasi\hasil anotasi\images\Kue Lumpur (5).jpg</path>
	<source>
		<database>Unknown</database>
	</source>
	<size>
		<width>320</width>
		<height>256</height>
		<depth>3</depth>
	</size>
	<segmented>0</segmented>
	<object>
		<name>Kue Lumpur</name>
		<pose>Unspecified</pose>
		<truncated>1</truncated>
		<difficult>0</difficult>
		<bndbox>
			<xmin>8</xmin>
			<ymin>1</ymin>
			<xmax>154</xmax>
			<ymax>110</ymax>
		</bndbox>
	</object>
	<object>
		<name>Kue Lumpur</name>
		<pose>Unspecified</pose>
		<truncated>0</truncated>
		<difficult>0</difficult>
		<bndbox>
			<xmin>35</xmin>
			<ymin>107</ymin>
			<xmax>208</xmax>
			<ymax>250</ymax>
		</bndbox>
	</object>
	<object>
		<name>Kue Lumpur</name>
		<pose>Unspecified</pose>
		<truncated>0</truncated>
		<difficult>0</difficult>
		<bndbox>
			<xmin>165</xmin>
			<ymin>46</ymin>
			<xmax>315</xmax>
			<ymax>171</ymax>
		</bndbox>
	</object>
</annotation>
