<annotation>
	<folder>images</folder>
	<filename>Kue Kembang Goyang (2).jpg</filename>
	<path>E:\Semester 6\Orbit\PA\new anotasi\hasil anotasi\images\Kue Kembang Goyang (2).jpg</path>
	<source>
		<database>Unknown</database>
	</source>
	<size>
		<width>225</width>
		<height>225</height>
		<depth>3</depth>
	</size>
	<segmented>0</segmented>
	<object>
		<name>Kue Kembang Goyang</name>
		<pose>Unspecified</pose>
		<truncated>1</truncated>
		<difficult>0</difficult>
		<bndbox>
			<xmin>132</xmin>
			<ymin>103</ymin>
			<xmax>225</xmax>
			<ymax>185</ymax>
		</bndbox>
	</object>
	<object>
		<name>Kue Kembang Goyang</name>
		<pose>Unspecified</pose>
		<truncated>0</truncated>
		<difficult>0</difficult>
		<bndbox>
			<xmin>70</xmin>
			<ymin>25</ymin>
			<xmax>169</xmax>
			<ymax>99</ymax>
		</bndbox>
	</object>
	<object>
		<name>Kue Kembang Goyang</name>
		<pose>Unspecified</pose>
		<truncated>0</truncated>
		<difficult>0</difficult>
		<bndbox>
			<xmin>44</xmin>
			<ymin>85</ymin>
			<xmax>139</xmax>
			<ymax>172</ymax>
		</bndbox>
	</object>
	<object>
		<name>Kue Kembang Goyang</name>
		<pose>Unspecified</pose>
		<truncated>1</truncated>
		<difficult>0</difficult>
		<bndbox>
			<xmin>160</xmin>
			<ymin>40</ymin>
			<xmax>225</xmax>
			<ymax>110</ymax>
		</bndbox>
	</object>
	<object>
		<name>Kue Kembang Goyang</name>
		<pose>Unspecified</pose>
		<truncated>0</truncated>
		<difficult>0</difficult>
		<bndbox>
			<xmin>5</xmin>
			<ymin>61</ymin>
			<xmax>70</xmax>
			<ymax>140</ymax>
		</bndbox>
	</object>
</annotation>
