<annotation>
	<folder>images</folder>
	<filename>Kue Klepon (15).jpg</filename>
	<path>E:\Semester 6\Orbit\PA\new anotasi\hasil anotasi\images\Kue Klepon (15).jpg</path>
	<source>
		<database>Unknown</database>
	</source>
	<size>
		<width>1065</width>
		<height>1050</height>
		<depth>3</depth>
	</size>
	<segmented>0</segmented>
	<object>
		<name>Kue Klepon</name>
		<pose>Unspecified</pose>
		<truncated>0</truncated>
		<difficult>0</difficult>
		<bndbox>
			<xmin>400</xmin>
			<ymin>769</ymin>
			<xmax>619</xmax>
			<ymax>995</ymax>
		</bndbox>
	</object>
	<object>
		<name>Kue Klepon</name>
		<pose>Unspecified</pose>
		<truncated>0</truncated>
		<difficult>0</difficult>
		<bndbox>
			<xmin>613</xmin>
			<ymin>438</ymin>
			<xmax>840</xmax>
			<ymax>617</ymax>
		</bndbox>
	</object>
	<object>
		<name>Kue Klepon</name>
		<pose>Unspecified</pose>
		<truncated>0</truncated>
		<difficult>0</difficult>
		<bndbox>
			<xmin>470</xmin>
			<ymin>345</ymin>
			<xmax>626</xmax>
			<ymax>464</ymax>
		</bndbox>
	</object>
	<object>
		<name>Kue Klepon</name>
		<pose>Unspecified</pose>
		<truncated>0</truncated>
		<difficult>0</difficult>
		<bndbox>
			<xmin>470</xmin>
			<ymin>504</ymin>
			<xmax>623</xmax>
			<ymax>671</ymax>
		</bndbox>
	</object>
	<object>
		<name>Kue Klepon</name>
		<pose>Unspecified</pose>
		<truncated>0</truncated>
		<difficult>0</difficult>
		<bndbox>
			<xmin>775</xmin>
			<ymin>325</ymin>
			<xmax>962</xmax>
			<ymax>531</ymax>
		</bndbox>
	</object>
</annotation>
