<annotation>
	<folder>images</folder>
	<filename>Kue Klepon (9).jpg</filename>
	<path>E:\Semester 6\Orbit\PA\new anotasi\hasil anotasi\images\Kue Klepon (9).jpg</path>
	<source>
		<database>Unknown</database>
	</source>
	<size>
		<width>750</width>
		<height>536</height>
		<depth>3</depth>
	</size>
	<segmented>0</segmented>
	<object>
		<name>Kue Klepon</name>
		<pose>Unspecified</pose>
		<truncated>0</truncated>
		<difficult>0</difficult>
		<bndbox>
			<xmin>224</xmin>
			<ymin>193</ymin>
			<xmax>415</xmax>
			<ymax>363</ymax>
		</bndbox>
	</object>
	<object>
		<name>Kue Klepon</name>
		<pose>Unspecified</pose>
		<truncated>0</truncated>
		<difficult>0</difficult>
		<bndbox>
			<xmin>397</xmin>
			<ymin>112</ymin>
			<xmax>558</xmax>
			<ymax>277</ymax>
		</bndbox>
	</object>
	<object>
		<name>Kue Klepon</name>
		<pose>Unspecified</pose>
		<truncated>0</truncated>
		<difficult>0</difficult>
		<bndbox>
			<xmin>493</xmin>
			<ymin>54</ymin>
			<xmax>640</xmax>
			<ymax>207</ymax>
		</bndbox>
	</object>
	<object>
		<name>Kue Klepon</name>
		<pose>Unspecified</pose>
		<truncated>0</truncated>
		<difficult>0</difficult>
		<bndbox>
			<xmin>105</xmin>
			<ymin>157</ymin>
			<xmax>249</xmax>
			<ymax>274</ymax>
		</bndbox>
	</object>
	<object>
		<name>Kue Klepon</name>
		<pose>Unspecified</pose>
		<truncated>0</truncated>
		<difficult>0</difficult>
		<bndbox>
			<xmin>86</xmin>
			<ymin>291</ymin>
			<xmax>250</xmax>
			<ymax>465</ymax>
		</bndbox>
	</object>
	<object>
		<name>Kue Klepon</name>
		<pose>Unspecified</pose>
		<truncated>0</truncated>
		<difficult>0</difficult>
		<bndbox>
			<xmin>12</xmin>
			<ymin>233</ymin>
			<xmax>139</xmax>
			<ymax>399</ymax>
		</bndbox>
	</object>
	<object>
		<name>Kue Klepon</name>
		<pose>Unspecified</pose>
		<truncated>0</truncated>
		<difficult>0</difficult>
		<bndbox>
			<xmin>390</xmin>
			<ymin>265</ymin>
			<xmax>549</xmax>
			<ymax>400</ymax>
		</bndbox>
	</object>
</annotation>
