<annotation>
	<folder>images</folder>
	<filename>Kue Ku (15).jpg</filename>
	<path>E:\Semester 6\Orbit\PA\new anotasi\hasil anotasi\images\Kue Ku (15).jpg</path>
	<source>
		<database>Unknown</database>
	</source>
	<size>
		<width>800</width>
		<height>800</height>
		<depth>3</depth>
	</size>
	<segmented>0</segmented>
	<object>
		<name>Kue Ku</name>
		<pose>Unspecified</pose>
		<truncated>0</truncated>
		<difficult>0</difficult>
		<bndbox>
			<xmin>276</xmin>
			<ymin>244</ymin>
			<xmax>483</xmax>
			<ymax>400</ymax>
		</bndbox>
	</object>
	<object>
		<name>Kue Ku</name>
		<pose>Unspecified</pose>
		<truncated>0</truncated>
		<difficult>0</difficult>
		<bndbox>
			<xmin>209</xmin>
			<ymin>375</ymin>
			<xmax>442</xmax>
			<ymax>531</ymax>
		</bndbox>
	</object>
	<object>
		<name>Kue Ku</name>
		<pose>Unspecified</pose>
		<truncated>0</truncated>
		<difficult>0</difficult>
		<bndbox>
			<xmin>240</xmin>
			<ymin>538</ymin>
			<xmax>501</xmax>
			<ymax>675</ymax>
		</bndbox>
	</object>
	<object>
		<name>Kue Ku</name>
		<pose>Unspecified</pose>
		<truncated>0</truncated>
		<difficult>0</difficult>
		<bndbox>
			<xmin>119</xmin>
			<ymin>243</ymin>
			<xmax>286</xmax>
			<ymax>397</ymax>
		</bndbox>
	</object>
</annotation>
