<annotation>
	<folder>images</folder>
	<filename>Kue Klepon (10).jpg</filename>
	<path>E:\Semester 6\Orbit\PA\new anotasi\hasil anotasi\images\Kue Klepon (10).jpg</path>
	<source>
		<database>Unknown</database>
	</source>
	<size>
		<width>653</width>
		<height>366</height>
		<depth>3</depth>
	</size>
	<segmented>0</segmented>
	<object>
		<name>Kue Klepon</name>
		<pose>Unspecified</pose>
		<truncated>0</truncated>
		<difficult>0</difficult>
		<bndbox>
			<xmin>205</xmin>
			<ymin>106</ymin>
			<xmax>381</xmax>
			<ymax>275</ymax>
		</bndbox>
	</object>
</annotation>
