<annotation>
	<folder>images</folder>
	<filename>Kue Kembang Goyang (15).jpg</filename>
	<path>E:\Semester 6\Orbit\PA\new anotasi\hasil anotasi\images\Kue Kembang Goyang (15).jpg</path>
	<source>
		<database>Unknown</database>
	</source>
	<size>
		<width>1200</width>
		<height>953</height>
		<depth>3</depth>
	</size>
	<segmented>0</segmented>
	<object>
		<name>Kue Kembang Goyang</name>
		<pose>Unspecified</pose>
		<truncated>0</truncated>
		<difficult>0</difficult>
		<bndbox>
			<xmin>539</xmin>
			<ymin>108</ymin>
			<xmax>998</xmax>
			<ymax>701</ymax>
		</bndbox>
	</object>
	<object>
		<name>Kue Kembang Goyang</name>
		<pose>Unspecified</pose>
		<truncated>0</truncated>
		<difficult>0</difficult>
		<bndbox>
			<xmin>4</xmin>
			<ymin>109</ymin>
			<xmax>545</xmax>
			<ymax>683</ymax>
		</bndbox>
	</object>
	<object>
		<name>Kue Kembang Goyang</name>
		<pose>Unspecified</pose>
		<truncated>0</truncated>
		<difficult>0</difficult>
		<bndbox>
			<xmin>56</xmin>
			<ymin>653</ymin>
			<xmax>803</xmax>
			<ymax>951</ymax>
		</bndbox>
	</object>
</annotation>
