<annotation>
	<folder>images</folder>
	<filename>Kue Klepon (1).jpg</filename>
	<path>E:\Semester 6\Orbit\PA\new anotasi\hasil anotasi\images\Kue Klepon (1).jpg</path>
	<source>
		<database>Unknown</database>
	</source>
	<size>
		<width>600</width>
		<height>405</height>
		<depth>3</depth>
	</size>
	<segmented>0</segmented>
	<object>
		<name>Kue Klepon</name>
		<pose>Unspecified</pose>
		<truncated>0</truncated>
		<difficult>0</difficult>
		<bndbox>
			<xmin>48</xmin>
			<ymin>131</ymin>
			<xmax>213</xmax>
			<ymax>264</ymax>
		</bndbox>
	</object>
	<object>
		<name>Kue Klepon</name>
		<pose>Unspecified</pose>
		<truncated>0</truncated>
		<difficult>0</difficult>
		<bndbox>
			<xmin>117</xmin>
			<ymin>223</ymin>
			<xmax>328</xmax>
			<ymax>402</ymax>
		</bndbox>
	</object>
	<object>
		<name>Kue Klepon</name>
		<pose>Unspecified</pose>
		<truncated>0</truncated>
		<difficult>0</difficult>
		<bndbox>
			<xmin>329</xmin>
			<ymin>209</ymin>
			<xmax>528</xmax>
			<ymax>379</ymax>
		</bndbox>
	</object>
	<object>
		<name>Kue Klepon</name>
		<pose>Unspecified</pose>
		<truncated>1</truncated>
		<difficult>0</difficult>
		<bndbox>
			<xmin>106</xmin>
			<ymin>1</ymin>
			<xmax>246</xmax>
			<ymax>81</ymax>
		</bndbox>
	</object>
	<object>
		<name>Kue Klepon</name>
		<pose>Unspecified</pose>
		<truncated>0</truncated>
		<difficult>0</difficult>
		<bndbox>
			<xmin>323</xmin>
			<ymin>74</ymin>
			<xmax>485</xmax>
			<ymax>219</ymax>
		</bndbox>
	</object>
	<object>
		<name>Kue Klepon</name>
		<pose>Unspecified</pose>
		<truncated>1</truncated>
		<difficult>0</difficult>
		<bndbox>
			<xmin>482</xmin>
			<ymin>150</ymin>
			<xmax>600</xmax>
			<ymax>302</ymax>
		</bndbox>
	</object>
	<object>
		<name>Kue Klepon</name>
		<pose>Unspecified</pose>
		<truncated>0</truncated>
		<difficult>0</difficult>
		<bndbox>
			<xmin>289</xmin>
			<ymin>2</ymin>
			<xmax>405</xmax>
			<ymax>65</ymax>
		</bndbox>
	</object>
	<object>
		<name>Kue Klepon</name>
		<pose>Unspecified</pose>
		<truncated>0</truncated>
		<difficult>0</difficult>
		<bndbox>
			<xmin>479</xmin>
			<ymin>62</ymin>
			<xmax>592</xmax>
			<ymax>163</ymax>
		</bndbox>
	</object>
	<object>
		<name>Kue Klepon</name>
		<pose>Unspecified</pose>
		<truncated>0</truncated>
		<difficult>0</difficult>
		<bndbox>
			<xmin>220</xmin>
			<ymin>116</ymin>
			<xmax>340</xmax>
			<ymax>233</ymax>
		</bndbox>
	</object>
</annotation>
