<annotation>
	<folder>images</folder>
	<filename>Kue Ku (4).jpg</filename>
	<path>E:\Semester 6\Orbit\PA\new anotasi\hasil anotasi\images\Kue Ku (4).jpg</path>
	<source>
		<database>Unknown</database>
	</source>
	<size>
		<width>680</width>
		<height>482</height>
		<depth>3</depth>
	</size>
	<segmented>0</segmented>
	<object>
		<name>Kue Ku</name>
		<pose>Unspecified</pose>
		<truncated>0</truncated>
		<difficult>0</difficult>
		<bndbox>
			<xmin>251</xmin>
			<ymin>149</ymin>
			<xmax>467</xmax>
			<ymax>377</ymax>
		</bndbox>
	</object>
	<object>
		<name>Kue Ku</name>
		<pose>Unspecified</pose>
		<truncated>0</truncated>
		<difficult>0</difficult>
		<bndbox>
			<xmin>88</xmin>
			<ymin>218</ymin>
			<xmax>255</xmax>
			<ymax>411</ymax>
		</bndbox>
	</object>
</annotation>
