<annotation>
	<folder>images</folder>
	<filename>Kue Lumpur (4).jpg</filename>
	<path>E:\Semester 6\Orbit\PA\new anotasi\hasil anotasi\images\Kue Lumpur (4).jpg</path>
	<source>
		<database>Unknown</database>
	</source>
	<size>
		<width>800</width>
		<height>600</height>
		<depth>3</depth>
	</size>
	<segmented>0</segmented>
	<object>
		<name>Kue Lumpur</name>
		<pose>Unspecified</pose>
		<truncated>0</truncated>
		<difficult>0</difficult>
		<bndbox>
			<xmin>321</xmin>
			<ymin>100</ymin>
			<xmax>522</xmax>
			<ymax>332</ymax>
		</bndbox>
	</object>
	<object>
		<name>Kue Lumpur</name>
		<pose>Unspecified</pose>
		<truncated>0</truncated>
		<difficult>0</difficult>
		<bndbox>
			<xmin>534</xmin>
			<ymin>17</ymin>
			<xmax>744</xmax>
			<ymax>207</ymax>
		</bndbox>
	</object>
	<object>
		<name>Kue Lumpur</name>
		<pose>Unspecified</pose>
		<truncated>0</truncated>
		<difficult>0</difficult>
		<bndbox>
			<xmin>516</xmin>
			<ymin>203</ymin>
			<xmax>772</xmax>
			<ymax>485</ymax>
		</bndbox>
	</object>
	<object>
		<name>Kue Lumpur</name>
		<pose>Unspecified</pose>
		<truncated>0</truncated>
		<difficult>0</difficult>
		<bndbox>
			<xmin>6</xmin>
			<ymin>313</ymin>
			<xmax>231</xmax>
			<ymax>576</ymax>
		</bndbox>
	</object>
	<object>
		<name>Kue Lumpur</name>
		<pose>Unspecified</pose>
		<truncated>1</truncated>
		<difficult>0</difficult>
		<bndbox>
			<xmin>201</xmin>
			<ymin>427</ymin>
			<xmax>458</xmax>
			<ymax>600</ymax>
		</bndbox>
	</object>
	<object>
		<name>Kue Lumpur</name>
		<pose>Unspecified</pose>
		<truncated>0</truncated>
		<difficult>0</difficult>
		<bndbox>
			<xmin>154</xmin>
			<ymin>30</ymin>
			<xmax>353</xmax>
			<ymax>170</ymax>
		</bndbox>
	</object>
	<object>
		<name>Kue Lumpur</name>
		<pose>Unspecified</pose>
		<truncated>0</truncated>
		<difficult>0</difficult>
		<bndbox>
			<xmin>91</xmin>
			<ymin>3</ymin>
			<xmax>250</xmax>
			<ymax>81</ymax>
		</bndbox>
	</object>
	<object>
		<name>Kue Lumpur</name>
		<pose>Unspecified</pose>
		<truncated>0</truncated>
		<difficult>0</difficult>
		<bndbox>
			<xmin>416</xmin>
			<ymin>7</ymin>
			<xmax>586</xmax>
			<ymax>54</ymax>
		</bndbox>
	</object>
	<object>
		<name>Kue Lumpur</name>
		<pose>Unspecified</pose>
		<truncated>0</truncated>
		<difficult>0</difficult>
		<bndbox>
			<xmin>208</xmin>
			<ymin>255</ymin>
			<xmax>353</xmax>
			<ymax>408</ymax>
		</bndbox>
	</object>
</annotation>
