<annotation>
	<folder>images</folder>
	<filename>Kue Lumpur (6).jpg</filename>
	<path>E:\Semester 6\Orbit\PA\new anotasi\hasil anotasi\images\Kue Lumpur (6).jpg</path>
	<source>
		<database>Unknown</database>
	</source>
	<size>
		<width>1000</width>
		<height>1250</height>
		<depth>3</depth>
	</size>
	<segmented>0</segmented>
	<object>
		<name>Kue Lumpur</name>
		<pose>Unspecified</pose>
		<truncated>0</truncated>
		<difficult>0</difficult>
		<bndbox>
			<xmin>20</xmin>
			<ymin>293</ymin>
			<xmax>566</xmax>
			<ymax>691</ymax>
		</bndbox>
	</object>
	<object>
		<name>Kue Lumpur</name>
		<pose>Unspecified</pose>
		<truncated>0</truncated>
		<difficult>0</difficult>
		<bndbox>
			<xmin>226</xmin>
			<ymin>613</ymin>
			<xmax>874</xmax>
			<ymax>1093</ymax>
		</bndbox>
	</object>
	<object>
		<name>Kue Lumpur</name>
		<pose>Unspecified</pose>
		<truncated>0</truncated>
		<difficult>0</difficult>
		<bndbox>
			<xmin>482</xmin>
			<ymin>241</ymin>
			<xmax>962</xmax>
			<ymax>613</ymax>
		</bndbox>
	</object>
	<object>
		<name>Kue Lumpur</name>
		<pose>Unspecified</pose>
		<truncated>0</truncated>
		<difficult>0</difficult>
		<bndbox>
			<xmin>145</xmin>
			<ymin>16</ymin>
			<xmax>516</xmax>
			<ymax>175</ymax>
		</bndbox>
	</object>
	<object>
		<name>Kue Lumpur</name>
		<pose>Unspecified</pose>
		<truncated>0</truncated>
		<difficult>0</difficult>
		<bndbox>
			<xmin>220</xmin>
			<ymin>163</ymin>
			<xmax>553</xmax>
			<ymax>357</ymax>
		</bndbox>
	</object>
	<object>
		<name>Kue Lumpur</name>
		<pose>Unspecified</pose>
		<truncated>0</truncated>
		<difficult>0</difficult>
		<bndbox>
			<xmin>502</xmin>
			<ymin>59</ymin>
			<xmax>720</xmax>
			<ymax>220</ymax>
		</bndbox>
	</object>
	<object>
		<name>Kue Lumpur</name>
		<pose>Unspecified</pose>
		<truncated>0</truncated>
		<difficult>0</difficult>
		<bndbox>
			<xmin>5</xmin>
			<ymin>66</ymin>
			<xmax>224</xmax>
			<ymax>236</ymax>
		</bndbox>
	</object>
	<object>
		<name>Kue Lumpur</name>
		<pose>Unspecified</pose>
		<truncated>1</truncated>
		<difficult>0</difficult>
		<bndbox>
			<xmin>706</xmin>
			<ymin>520</ymin>
			<xmax>1000</xmax>
			<ymax>899</ymax>
		</bndbox>
	</object>
</annotation>
