<annotation>
	<folder>images</folder>
	<filename>Kue Kembang Goyang (8).jpg</filename>
	<path>E:\Semester 6\Orbit\PA\new anotasi\hasil anotasi\images\Kue Kembang Goyang (8).jpg</path>
	<source>
		<database>Unknown</database>
	</source>
	<size>
		<width>480</width>
		<height>480</height>
		<depth>3</depth>
	</size>
	<segmented>0</segmented>
	<object>
		<name>Kue Kembang Goyang</name>
		<pose>Unspecified</pose>
		<truncated>0</truncated>
		<difficult>0</difficult>
		<bndbox>
			<xmin>7</xmin>
			<ymin>147</ymin>
			<xmax>159</xmax>
			<ymax>296</ymax>
		</bndbox>
	</object>
	<object>
		<name>Kue Kembang Goyang</name>
		<pose>Unspecified</pose>
		<truncated>0</truncated>
		<difficult>0</difficult>
		<bndbox>
			<xmin>206</xmin>
			<ymin>159</ymin>
			<xmax>368</xmax>
			<ymax>291</ymax>
		</bndbox>
	</object>
	<object>
		<name>Kue Kembang Goyang</name>
		<pose>Unspecified</pose>
		<truncated>0</truncated>
		<difficult>0</difficult>
		<bndbox>
			<xmin>276</xmin>
			<ymin>283</ymin>
			<xmax>458</xmax>
			<ymax>445</ymax>
		</bndbox>
	</object>
	<object>
		<name>Kue Kembang Goyang</name>
		<pose>Unspecified</pose>
		<truncated>0</truncated>
		<difficult>0</difficult>
		<bndbox>
			<xmin>3</xmin>
			<ymin>299</ymin>
			<xmax>174</xmax>
			<ymax>465</ymax>
		</bndbox>
	</object>
	<object>
		<name>Kue Kembang Goyang</name>
		<pose>Unspecified</pose>
		<truncated>0</truncated>
		<difficult>0</difficult>
		<bndbox>
			<xmin>132</xmin>
			<ymin>317</ymin>
			<xmax>279</xmax>
			<ymax>462</ymax>
		</bndbox>
	</object>
	<object>
		<name>Kue Kembang Goyang</name>
		<pose>Unspecified</pose>
		<truncated>0</truncated>
		<difficult>0</difficult>
		<bndbox>
			<xmin>44</xmin>
			<ymin>54</ymin>
			<xmax>183</xmax>
			<ymax>159</ymax>
		</bndbox>
	</object>
	<object>
		<name>Kue Kembang Goyang</name>
		<pose>Unspecified</pose>
		<truncated>0</truncated>
		<difficult>0</difficult>
		<bndbox>
			<xmin>144</xmin>
			<ymin>3</ymin>
			<xmax>272</xmax>
			<ymax>87</ymax>
		</bndbox>
	</object>
	<object>
		<name>Kue Kembang Goyang</name>
		<pose>Unspecified</pose>
		<truncated>0</truncated>
		<difficult>0</difficult>
		<bndbox>
			<xmin>311</xmin>
			<ymin>10</ymin>
			<xmax>420</xmax>
			<ymax>68</ymax>
		</bndbox>
	</object>
	<object>
		<name>Kue Kembang Goyang</name>
		<pose>Unspecified</pose>
		<truncated>0</truncated>
		<difficult>0</difficult>
		<bndbox>
			<xmin>298</xmin>
			<ymin>61</ymin>
			<xmax>451</xmax>
			<ymax>151</ymax>
		</bndbox>
	</object>
	<object>
		<name>Kue Kembang Goyang</name>
		<pose>Unspecified</pose>
		<truncated>0</truncated>
		<difficult>0</difficult>
		<bndbox>
			<xmin>10</xmin>
			<ymin>4</ymin>
			<xmax>155</xmax>
			<ymax>73</ymax>
		</bndbox>
	</object>
</annotation>
