<annotation>
	<folder>images</folder>
	<filename>Kue Lumpur (12).jpg</filename>
	<path>E:\Semester 6\Orbit\PA\new anotasi\hasil anotasi\images\Kue Lumpur (12).jpg</path>
	<source>
		<database>Unknown</database>
	</source>
	<size>
		<width>1280</width>
		<height>720</height>
		<depth>3</depth>
	</size>
	<segmented>0</segmented>
	<object>
		<name>Kue Lumpur</name>
		<pose>Unspecified</pose>
		<truncated>0</truncated>
		<difficult>0</difficult>
		<bndbox>
			<xmin>285</xmin>
			<ymin>154</ymin>
			<xmax>837</xmax>
			<ymax>655</ymax>
		</bndbox>
	</object>
	<object>
		<name>Kue Lumpur</name>
		<pose>Unspecified</pose>
		<truncated>1</truncated>
		<difficult>0</difficult>
		<bndbox>
			<xmin>816</xmin>
			<ymin>306</ymin>
			<xmax>1175</xmax>
			<ymax>720</ymax>
		</bndbox>
	</object>
	<object>
		<name>Kue Lumpur</name>
		<pose>Unspecified</pose>
		<truncated>1</truncated>
		<difficult>0</difficult>
		<bndbox>
			<xmin>33</xmin>
			<ymin>360</ymin>
			<xmax>529</xmax>
			<ymax>720</ymax>
		</bndbox>
	</object>
</annotation>
