<annotation>
	<folder>images</folder>
	<filename>Kue Klepon (3).jpg</filename>
	<path>E:\Semester 6\Orbit\PA\new anotasi\hasil anotasi\images\Kue Klepon (3).jpg</path>
	<source>
		<database>Unknown</database>
	</source>
	<size>
		<width>600</width>
		<height>400</height>
		<depth>3</depth>
	</size>
	<segmented>0</segmented>
	<object>
		<name>Kue Klepon</name>
		<pose>Unspecified</pose>
		<truncated>0</truncated>
		<difficult>0</difficult>
		<bndbox>
			<xmin>190</xmin>
			<ymin>51</ymin>
			<xmax>397</xmax>
			<ymax>220</ymax>
		</bndbox>
	</object>
	<object>
		<name>Kue Klepon</name>
		<pose>Unspecified</pose>
		<truncated>0</truncated>
		<difficult>0</difficult>
		<bndbox>
			<xmin>284</xmin>
			<ymin>194</ymin>
			<xmax>502</xmax>
			<ymax>362</ymax>
		</bndbox>
	</object>
	<object>
		<name>Kue Klepon</name>
		<pose>Unspecified</pose>
		<truncated>0</truncated>
		<difficult>0</difficult>
		<bndbox>
			<xmin>9</xmin>
			<ymin>70</ymin>
			<xmax>203</xmax>
			<ymax>272</ymax>
		</bndbox>
	</object>
</annotation>
