<annotation>
	<folder>images</folder>
	<filename>Kue Ku (16).jpg</filename>
	<path>E:\Semester 6\Orbit\PA\new anotasi\hasil anotasi\images\Kue Ku (16).jpg</path>
	<source>
		<database>Unknown</database>
	</source>
	<size>
		<width>955</width>
		<height>749</height>
		<depth>3</depth>
	</size>
	<segmented>0</segmented>
	<object>
		<name>Kue Ku</name>
		<pose>Unspecified</pose>
		<truncated>0</truncated>
		<difficult>0</difficult>
		<bndbox>
			<xmin>340</xmin>
			<ymin>234</ymin>
			<xmax>653</xmax>
			<ymax>466</ymax>
		</bndbox>
	</object>
	<object>
		<name>Kue Ku</name>
		<pose>Unspecified</pose>
		<truncated>1</truncated>
		<difficult>0</difficult>
		<bndbox>
			<xmin>716</xmin>
			<ymin>190</ymin>
			<xmax>955</xmax>
			<ymax>417</ymax>
		</bndbox>
	</object>
	<object>
		<name>Kue Ku</name>
		<pose>Unspecified</pose>
		<truncated>0</truncated>
		<difficult>0</difficult>
		<bndbox>
			<xmin>575</xmin>
			<ymin>383</ymin>
			<xmax>871</xmax>
			<ymax>646</ymax>
		</bndbox>
	</object>
	<object>
		<name>Kue Ku</name>
		<pose>Unspecified</pose>
		<truncated>0</truncated>
		<difficult>0</difficult>
		<bndbox>
			<xmin>343</xmin>
			<ymin>448</ymin>
			<xmax>592</xmax>
			<ymax>691</ymax>
		</bndbox>
	</object>
	<object>
		<name>Kue Ku</name>
		<pose>Unspecified</pose>
		<truncated>0</truncated>
		<difficult>0</difficult>
		<bndbox>
			<xmin>29</xmin>
			<ymin>353</ymin>
			<xmax>369</xmax>
			<ymax>586</ymax>
		</bndbox>
	</object>
	<object>
		<name>Kue Ku</name>
		<pose>Unspecified</pose>
		<truncated>0</truncated>
		<difficult>0</difficult>
		<bndbox>
			<xmin>295</xmin>
			<ymin>34</ymin>
			<xmax>531</xmax>
			<ymax>258</ymax>
		</bndbox>
	</object>
	<object>
		<name>Kue Ku</name>
		<pose>Unspecified</pose>
		<truncated>0</truncated>
		<difficult>0</difficult>
		<bndbox>
			<xmin>545</xmin>
			<ymin>22</ymin>
			<xmax>768</xmax>
			<ymax>286</ymax>
		</bndbox>
	</object>
	<object>
		<name>Kue Ku</name>
		<pose>Unspecified</pose>
		<truncated>0</truncated>
		<difficult>0</difficult>
		<bndbox>
			<xmin>27</xmin>
			<ymin>115</ymin>
			<xmax>328</xmax>
			<ymax>330</ymax>
		</bndbox>
	</object>
</annotation>
