<annotation>
	<folder>images</folder>
	<filename>Kue Bakpao (20).jpg</filename>
	<path>E:\Semester 6\Orbit\PA\new anotasi\hasil anotasi\images\Kue Bakpao (20).jpg</path>
	<source>
		<database>Unknown</database>
	</source>
	<size>
		<width>768</width>
		<height>959</height>
		<depth>3</depth>
	</size>
	<segmented>0</segmented>
	<object>
		<name>Kue Bakpao</name>
		<pose>Unspecified</pose>
		<truncated>0</truncated>
		<difficult>0</difficult>
		<bndbox>
			<xmin>6</xmin>
			<ymin>384</ymin>
			<xmax>262</xmax>
			<ymax>628</ymax>
		</bndbox>
	</object>
	<object>
		<name>Kue Bakpao</name>
		<pose>Unspecified</pose>
		<truncated>0</truncated>
		<difficult>0</difficult>
		<bndbox>
			<xmin>179</xmin>
			<ymin>544</ymin>
			<xmax>511</xmax>
			<ymax>860</ymax>
		</bndbox>
	</object>
</annotation>
