<annotation>
	<folder>images</folder>
	<filename>Kue Bakpao (13).jpg</filename>
	<path>E:\Semester 6\Orbit\PA\new anotasi\hasil anotasi\images\Kue Bakpao (13).jpg</path>
	<source>
		<database>Unknown</database>
	</source>
	<size>
		<width>700</width>
		<height>525</height>
		<depth>3</depth>
	</size>
	<segmented>0</segmented>
	<object>
		<name>Kue Bakpao</name>
		<pose>Unspecified</pose>
		<truncated>0</truncated>
		<difficult>0</difficult>
		<bndbox>
			<xmin>223</xmin>
			<ymin>24</ymin>
			<xmax>518</xmax>
			<ymax>246</ymax>
		</bndbox>
	</object>
	<object>
		<name>Kue Bakpao</name>
		<pose>Unspecified</pose>
		<truncated>0</truncated>
		<difficult>0</difficult>
		<bndbox>
			<xmin>340</xmin>
			<ymin>174</ymin>
			<xmax>638</xmax>
			<ymax>417</ymax>
		</bndbox>
	</object>
	<object>
		<name>Kue Bakpao</name>
		<pose>Unspecified</pose>
		<truncated>0</truncated>
		<difficult>0</difficult>
		<bndbox>
			<xmin>30</xmin>
			<ymin>154</ymin>
			<xmax>351</xmax>
			<ymax>390</ymax>
		</bndbox>
	</object>
	<object>
		<name>Kue Bakpao</name>
		<pose>Unspecified</pose>
		<truncated>1</truncated>
		<difficult>0</difficult>
		<bndbox>
			<xmin>160</xmin>
			<ymin>381</ymin>
			<xmax>467</xmax>
			<ymax>525</ymax>
		</bndbox>
	</object>
	<object>
		<name>Kue Bakpao</name>
		<pose>Unspecified</pose>
		<truncated>0</truncated>
		<difficult>0</difficult>
		<bndbox>
			<xmin>74</xmin>
			<ymin>60</ymin>
			<xmax>268</xmax>
			<ymax>207</ymax>
		</bndbox>
	</object>
</annotation>
