<annotation>
	<folder>images</folder>
	<filename>Kue Ku (8).jpg</filename>
	<path>E:\Semester 6\Orbit\PA\new anotasi\hasil anotasi\images\Kue Ku (8).jpg</path>
	<source>
		<database>Unknown</database>
	</source>
	<size>
		<width>1200</width>
		<height>630</height>
		<depth>3</depth>
	</size>
	<segmented>0</segmented>
	<object>
		<name>Kue Ku</name>
		<pose>Unspecified</pose>
		<truncated>0</truncated>
		<difficult>0</difficult>
		<bndbox>
			<xmin>349</xmin>
			<ymin>51</ymin>
			<xmax>598</xmax>
			<ymax>324</ymax>
		</bndbox>
	</object>
	<object>
		<name>Kue Ku</name>
		<pose>Unspecified</pose>
		<truncated>0</truncated>
		<difficult>0</difficult>
		<bndbox>
			<xmin>602</xmin>
			<ymin>85</ymin>
			<xmax>866</xmax>
			<ymax>336</ymax>
		</bndbox>
	</object>
	<object>
		<name>Kue Ku</name>
		<pose>Unspecified</pose>
		<truncated>0</truncated>
		<difficult>0</difficult>
		<bndbox>
			<xmin>845</xmin>
			<ymin>13</ymin>
			<xmax>1186</xmax>
			<ymax>219</ymax>
		</bndbox>
	</object>
	<object>
		<name>Kue Ku</name>
		<pose>Unspecified</pose>
		<truncated>1</truncated>
		<difficult>0</difficult>
		<bndbox>
			<xmin>865</xmin>
			<ymin>275</ymin>
			<xmax>1200</xmax>
			<ymax>523</ymax>
		</bndbox>
	</object>
	<object>
		<name>Kue Ku</name>
		<pose>Unspecified</pose>
		<truncated>0</truncated>
		<difficult>0</difficult>
		<bndbox>
			<xmin>3</xmin>
			<ymin>55</ymin>
			<xmax>339</xmax>
			<ymax>288</ymax>
		</bndbox>
	</object>
	<object>
		<name>Kue Ku</name>
		<pose>Unspecified</pose>
		<truncated>0</truncated>
		<difficult>0</difficult>
		<bndbox>
			<xmin>11</xmin>
			<ymin>301</ymin>
			<xmax>402</xmax>
			<ymax>544</ymax>
		</bndbox>
	</object>
</annotation>
