<annotation>
	<folder>images</folder>
	<filename>Kue Ku (3).jpg</filename>
	<path>E:\Semester 6\Orbit\PA\new anotasi\hasil anotasi\images\Kue Ku (3).jpg</path>
	<source>
		<database>Unknown</database>
	</source>
	<size>
		<width>0</width>
		<height>0</height>
		<depth>3</depth>
	</size>
	<segmented>0</segmented>
	<object>
		<name>Kue Ku</name>
		<pose>Unspecified</pose>
		<truncated>0</truncated>
		<difficult>0</difficult>
		<bndbox>
			<xmin>231</xmin>
			<ymin>61</ymin>
			<xmax>505</xmax>
			<ymax>269</ymax>
		</bndbox>
	</object>
	<object>
		<name>Kue Ku</name>
		<pose>Unspecified</pose>
		<truncated>1</truncated>
		<difficult>0</difficult>
		<bndbox>
			<xmin>14</xmin>
			<ymin>1</ymin>
			<xmax>258</xmax>
			<ymax>116</ymax>
		</bndbox>
	</object>
</annotation>
