<annotation>
	<folder>images</folder>
	<filename>Kue Bakpao (2).jpg</filename>
	<path>E:\Semester 6\Orbit\PA\new anotasi\hasil anotasi\images\Kue Bakpao (2).jpg</path>
	<source>
		<database>Unknown</database>
	</source>
	<size>
		<width>751</width>
		<height>532</height>
		<depth>3</depth>
	</size>
	<segmented>0</segmented>
	<object>
		<name>Kue Bakpao</name>
		<pose>Unspecified</pose>
		<truncated>0</truncated>
		<difficult>0</difficult>
		<bndbox>
			<xmin>235</xmin>
			<ymin>111</ymin>
			<xmax>396</xmax>
			<ymax>267</ymax>
		</bndbox>
	</object>
	<object>
		<name>Kue Bakpao</name>
		<pose>Unspecified</pose>
		<truncated>0</truncated>
		<difficult>0</difficult>
		<bndbox>
			<xmin>403</xmin>
			<ymin>126</ymin>
			<xmax>566</xmax>
			<ymax>273</ymax>
		</bndbox>
	</object>
	<object>
		<name>Kue Bakpao</name>
		<pose>Unspecified</pose>
		<truncated>0</truncated>
		<difficult>0</difficult>
		<bndbox>
			<xmin>461</xmin>
			<ymin>274</ymin>
			<xmax>659</xmax>
			<ymax>448</ymax>
		</bndbox>
	</object>
	<object>
		<name>Kue Bakpao</name>
		<pose>Unspecified</pose>
		<truncated>0</truncated>
		<difficult>0</difficult>
		<bndbox>
			<xmin>513</xmin>
			<ymin>51</ymin>
			<xmax>672</xmax>
			<ymax>208</ymax>
		</bndbox>
	</object>
	<object>
		<name>Kue Bakpao</name>
		<pose>Unspecified</pose>
		<truncated>0</truncated>
		<difficult>0</difficult>
		<bndbox>
			<xmin>382</xmin>
			<ymin>5</ymin>
			<xmax>544</xmax>
			<ymax>119</ymax>
		</bndbox>
	</object>
	<object>
		<name>Kue Bakpao</name>
		<pose>Unspecified</pose>
		<truncated>0</truncated>
		<difficult>0</difficult>
		<bndbox>
			<xmin>51</xmin>
			<ymin>39</ymin>
			<xmax>230</xmax>
			<ymax>203</ymax>
		</bndbox>
	</object>
	<object>
		<name>Kue Bakpao</name>
		<pose>Unspecified</pose>
		<truncated>0</truncated>
		<difficult>0</difficult>
		<bndbox>
			<xmin>3</xmin>
			<ymin>198</ymin>
			<xmax>200</xmax>
			<ymax>408</ymax>
		</bndbox>
	</object>
	<object>
		<name>Kue Bakpao</name>
		<pose>Unspecified</pose>
		<truncated>0</truncated>
		<difficult>0</difficult>
		<bndbox>
			<xmin>121</xmin>
			<ymin>298</ymin>
			<xmax>311</xmax>
			<ymax>500</ymax>
		</bndbox>
	</object>
	<object>
		<name>Kue Bakpao</name>
		<pose>Unspecified</pose>
		<truncated>0</truncated>
		<difficult>0</difficult>
		<bndbox>
			<xmin>295</xmin>
			<ymin>354</ymin>
			<xmax>487</xmax>
			<ymax>531</ymax>
		</bndbox>
	</object>
</annotation>
