<annotation>
	<folder>images</folder>
	<filename>Kue Kembang Goyang (18).jpg</filename>
	<path>E:\Semester 6\Orbit\PA\new anotasi\hasil anotasi\images\Kue Kembang Goyang (18).jpg</path>
	<source>
		<database>Unknown</database>
	</source>
	<size>
		<width>899</width>
		<height>608</height>
		<depth>3</depth>
	</size>
	<segmented>0</segmented>
	<object>
		<name>Kue Kembang Goyang</name>
		<pose>Unspecified</pose>
		<truncated>0</truncated>
		<difficult>0</difficult>
		<bndbox>
			<xmin>234</xmin>
			<ymin>163</ymin>
			<xmax>650</xmax>
			<ymax>595</ymax>
		</bndbox>
	</object>
	<object>
		<name>Kue Kembang Goyang</name>
		<pose>Unspecified</pose>
		<truncated>0</truncated>
		<difficult>0</difficult>
		<bndbox>
			<xmin>635</xmin>
			<ymin>322</ymin>
			<xmax>893</xmax>
			<ymax>605</ymax>
		</bndbox>
	</object>
	<object>
		<name>Kue Kembang Goyang</name>
		<pose>Unspecified</pose>
		<truncated>0</truncated>
		<difficult>0</difficult>
		<bndbox>
			<xmin>2</xmin>
			<ymin>67</ymin>
			<xmax>265</xmax>
			<ymax>457</ymax>
		</bndbox>
	</object>
	<object>
		<name>Kue Kembang Goyang</name>
		<pose>Unspecified</pose>
		<truncated>0</truncated>
		<difficult>0</difficult>
		<bndbox>
			<xmin>391</xmin>
			<ymin>8</ymin>
			<xmax>781</xmax>
			<ymax>373</ymax>
		</bndbox>
	</object>
</annotation>
