<annotation>
	<folder>images</folder>
	<filename>Kue Klepon (12).jpg</filename>
	<path>E:\Semester 6\Orbit\PA\new anotasi\hasil anotasi\images\Kue Klepon (12).jpg</path>
	<source>
		<database>Unknown</database>
	</source>
	<size>
		<width>625</width>
		<height>900</height>
		<depth>3</depth>
	</size>
	<segmented>0</segmented>
	<object>
		<name>Kue Klepon</name>
		<pose>Unspecified</pose>
		<truncated>0</truncated>
		<difficult>0</difficult>
		<bndbox>
			<xmin>89</xmin>
			<ymin>326</ymin>
			<xmax>311</xmax>
			<ymax>510</ymax>
		</bndbox>
	</object>
	<object>
		<name>Kue Klepon</name>
		<pose>Unspecified</pose>
		<truncated>0</truncated>
		<difficult>0</difficult>
		<bndbox>
			<xmin>292</xmin>
			<ymin>500</ymin>
			<xmax>509</xmax>
			<ymax>707</ymax>
		</bndbox>
	</object>
	<object>
		<name>Kue Klepon</name>
		<pose>Unspecified</pose>
		<truncated>0</truncated>
		<difficult>0</difficult>
		<bndbox>
			<xmin>18</xmin>
			<ymin>577</ymin>
			<xmax>292</xmax>
			<ymax>776</ymax>
		</bndbox>
	</object>
</annotation>
