<annotation>
	<folder>images</folder>
	<filename>Kue Kembang Goyang (16).jpg</filename>
	<path>E:\Semester 6\Orbit\PA\new anotasi\hasil anotasi\images\Kue Kembang Goyang (16).jpg</path>
	<source>
		<database>Unknown</database>
	</source>
	<size>
		<width>448</width>
		<height>336</height>
		<depth>3</depth>
	</size>
	<segmented>0</segmented>
	<object>
		<name>Kue Kembang Goyang</name>
		<pose>Unspecified</pose>
		<truncated>0</truncated>
		<difficult>0</difficult>
		<bndbox>
			<xmin>71</xmin>
			<ymin>3</ymin>
			<xmax>239</xmax>
			<ymax>157</ymax>
		</bndbox>
	</object>
	<object>
		<name>Kue Kembang Goyang</name>
		<pose>Unspecified</pose>
		<truncated>0</truncated>
		<difficult>0</difficult>
		<bndbox>
			<xmin>158</xmin>
			<ymin>147</ymin>
			<xmax>344</xmax>
			<ymax>332</ymax>
		</bndbox>
	</object>
	<object>
		<name>Kue Kembang Goyang</name>
		<pose>Unspecified</pose>
		<truncated>1</truncated>
		<difficult>0</difficult>
		<bndbox>
			<xmin>302</xmin>
			<ymin>89</ymin>
			<xmax>448</xmax>
			<ymax>261</ymax>
		</bndbox>
	</object>
	<object>
		<name>Kue Kembang Goyang</name>
		<pose>Unspecified</pose>
		<truncated>1</truncated>
		<difficult>0</difficult>
		<bndbox>
			<xmin>209</xmin>
			<ymin>1</ymin>
			<xmax>343</xmax>
			<ymax>127</ymax>
		</bndbox>
	</object>
	<object>
		<name>Kue Kembang Goyang</name>
		<pose>Unspecified</pose>
		<truncated>1</truncated>
		<difficult>0</difficult>
		<bndbox>
			<xmin>1</xmin>
			<ymin>5</ymin>
			<xmax>115</xmax>
			<ymax>173</ymax>
		</bndbox>
	</object>
</annotation>
