<annotation>
	<folder>images</folder>
	<filename>Kue Bakpao (5).jpg</filename>
	<path>E:\Semester 6\Orbit\PA\new anotasi\hasil anotasi\images\Kue Bakpao (5).jpg</path>
	<source>
		<database>Unknown</database>
	</source>
	<size>
		<width>960</width>
		<height>995</height>
		<depth>3</depth>
	</size>
	<segmented>0</segmented>
	<object>
		<name>Kue Bakpao</name>
		<pose>Unspecified</pose>
		<truncated>0</truncated>
		<difficult>0</difficult>
		<bndbox>
			<xmin>30</xmin>
			<ymin>389</ymin>
			<xmax>418</xmax>
			<ymax>710</ymax>
		</bndbox>
	</object>
	<object>
		<name>Kue Bakpao</name>
		<pose>Unspecified</pose>
		<truncated>0</truncated>
		<difficult>0</difficult>
		<bndbox>
			<xmin>298</xmin>
			<ymin>563</ymin>
			<xmax>755</xmax>
			<ymax>985</ymax>
		</bndbox>
	</object>
	<object>
		<name>Kue Bakpao</name>
		<pose>Unspecified</pose>
		<truncated>0</truncated>
		<difficult>0</difficult>
		<bndbox>
			<xmin>524</xmin>
			<ymin>351</ymin>
			<xmax>928</xmax>
			<ymax>628</ymax>
		</bndbox>
	</object>
	<object>
		<name>Kue Bakpao</name>
		<pose>Unspecified</pose>
		<truncated>1</truncated>
		<difficult>0</difficult>
		<bndbox>
			<xmin>698</xmin>
			<ymin>166</ymin>
			<xmax>960</xmax>
			<ymax>428</ymax>
		</bndbox>
	</object>
	<object>
		<name>Kue Bakpao</name>
		<pose>Unspecified</pose>
		<truncated>0</truncated>
		<difficult>0</difficult>
		<bndbox>
			<xmin>336</xmin>
			<ymin>256</ymin>
			<xmax>625</xmax>
			<ymax>497</ymax>
		</bndbox>
	</object>
	<object>
		<name>Kue Bakpao</name>
		<pose>Unspecified</pose>
		<truncated>0</truncated>
		<difficult>0</difficult>
		<bndbox>
			<xmin>479</xmin>
			<ymin>99</ymin>
			<xmax>715</xmax>
			<ymax>312</ymax>
		</bndbox>
	</object>
	<object>
		<name>Kue Bakpao</name>
		<pose>Unspecified</pose>
		<truncated>0</truncated>
		<difficult>0</difficult>
		<bndbox>
			<xmin>103</xmin>
			<ymin>128</ymin>
			<xmax>428</xmax>
			<ymax>338</ymax>
		</bndbox>
	</object>
	<object>
		<name>Kue Bakpao</name>
		<pose>Unspecified</pose>
		<truncated>0</truncated>
		<difficult>0</difficult>
		<bndbox>
			<xmin>3</xmin>
			<ymin>241</ymin>
			<xmax>236</xmax>
			<ymax>507</ymax>
		</bndbox>
	</object>
	<object>
		<name>Kue Bakpao</name>
		<pose>Unspecified</pose>
		<truncated>0</truncated>
		<difficult>0</difficult>
		<bndbox>
			<xmin>283</xmin>
			<ymin>15</ymin>
			<xmax>553</xmax>
			<ymax>207</ymax>
		</bndbox>
	</object>
</annotation>
