<annotation>
	<folder>images</folder>
	<filename>Kue Bakpao (17).jpg</filename>
	<path>E:\Semester 6\Orbit\PA\new anotasi\hasil anotasi\images\Kue Bakpao (17).jpg</path>
	<source>
		<database>Unknown</database>
	</source>
	<size>
		<width>960</width>
		<height>720</height>
		<depth>3</depth>
	</size>
	<segmented>0</segmented>
	<object>
		<name>Kue Bakpao</name>
		<pose>Unspecified</pose>
		<truncated>0</truncated>
		<difficult>0</difficult>
		<bndbox>
			<xmin>262</xmin>
			<ymin>268</ymin>
			<xmax>623</xmax>
			<ymax>592</ymax>
		</bndbox>
	</object>
	<object>
		<name>Kue Bakpao</name>
		<pose>Unspecified</pose>
		<truncated>0</truncated>
		<difficult>0</difficult>
		<bndbox>
			<xmin>296</xmin>
			<ymin>11</ymin>
			<xmax>651</xmax>
			<ymax>287</ymax>
		</bndbox>
	</object>
	<object>
		<name>Kue Bakpao</name>
		<pose>Unspecified</pose>
		<truncated>0</truncated>
		<difficult>0</difficult>
		<bndbox>
			<xmin>627</xmin>
			<ymin>75</ymin>
			<xmax>872</xmax>
			<ymax>330</ymax>
		</bndbox>
	</object>
	<object>
		<name>Kue Bakpao</name>
		<pose>Unspecified</pose>
		<truncated>0</truncated>
		<difficult>0</difficult>
		<bndbox>
			<xmin>607</xmin>
			<ymin>301</ymin>
			<xmax>870</xmax>
			<ymax>581</ymax>
		</bndbox>
	</object>
	<object>
		<name>Kue Bakpao</name>
		<pose>Unspecified</pose>
		<truncated>0</truncated>
		<difficult>0</difficult>
		<bndbox>
			<xmin>151</xmin>
			<ymin>6</ymin>
			<xmax>392</xmax>
			<ymax>263</ymax>
		</bndbox>
	</object>
	<object>
		<name>Kue Bakpao</name>
		<pose>Unspecified</pose>
		<truncated>0</truncated>
		<difficult>0</difficult>
		<bndbox>
			<xmin>15</xmin>
			<ymin>185</ymin>
			<xmax>318</xmax>
			<ymax>444</ymax>
		</bndbox>
	</object>
	<object>
		<name>Kue Bakpao</name>
		<pose>Unspecified</pose>
		<truncated>1</truncated>
		<difficult>0</difficult>
		<bndbox>
			<xmin>1</xmin>
			<ymin>425</ymin>
			<xmax>377</xmax>
			<ymax>712</ymax>
		</bndbox>
	</object>
	<object>
		<name>Kue Bakpao</name>
		<pose>Unspecified</pose>
		<truncated>0</truncated>
		<difficult>0</difficult>
		<bndbox>
			<xmin>387</xmin>
			<ymin>488</ymin>
			<xmax>722</xmax>
			<ymax>711</ymax>
		</bndbox>
	</object>
</annotation>
